{
  "NYC": {
    "training": {
      "best_epoch": 15,
      "best_model_path": "./Save/NYC\\_epoch_15_MAE_0.88_MAPE_0.5.pth",
      "metrics": {
        "RMSE": 1.3088880440780226,
        "MAE": 0.8842912391402336,
        "MAPE": 0.4962351438356416,
        "RMSE_0": 1.0209730843589788,
        "MAE_0": 0.7381060199191173,
        "MAPE_0": 0.48357742725768876,
        "RMSE_1": 1.6273239040235272,
        "MAE_1": 1.0390213112388036,
        "MAPE_1": 0.5126556852503035,
        "RMSE_2": 1.0983308620592076,
        "MAE_2": 0.7917338996148501,
        "MAPE_2": 0.4631504891398716,
        "RMSE_3": 1.1552908407604079,
        "MAE_3": 0.863166710451293,
        "MAPE_3": 0.5140269978774104,
        "RMSE_mask_1": 0.8830637983106192,
        "MAE_mask_1": 0.7885212115322846,
        "MAPE_mask_1": 0.6913915111009713,
        "RMSE_mask_2": 0.8915301982652549,
        "MAE_mask_2": 0.6455974565306859,
        "MAPE_mask_2": 0.43670366413723444,
        "RMSE_mask_3": 1.138062252938284,
        "MAE_mask_3": 0.7805593299165925,
        "MAPE_mask_3": 0.39851028052886045,
        "RMSE_mask_4": 1.841900481588117,
        "MAE_mask_4": 1.2362517901926675,
        "MAPE_mask_4": 0.5283557625907704,
        "epochLoss": 1.6897065437122407
      },
      "training_time": 410.8329532146454
    },
    "testing": {
      "metrics": {
        "RMSE": 1.3088880440780226,
        "MAE": 0.8842912391402336,
        "MAPE": 0.4962351438356416,
        "RMSE_0": 1.0209730843589788,
        "MAE_0": 0.7381060199191173,
        "MAPE_0": 0.48357742725768876,
        "RMSE_1": 1.6273239040235272,
        "MAE_1": 1.0390213112388036,
        "MAPE_1": 0.5126556852503035,
        "RMSE_2": 1.0983308620592076,
        "MAE_2": 0.7917338996148501,
        "MAPE_2": 0.4631504891398716,
        "RMSE_3": 1.1552908407604079,
        "MAE_3": 0.863166710451293,
        "MAPE_3": 0.5140269978774104,
        "RMSE_mask_1": 0.8830637983106192,
        "MAE_mask_1": 0.7885212115322846,
        "MAPE_mask_1": 0.6913915111009713,
        "RMSE_mask_2": 0.8915301982652549,
        "MAE_mask_2": 0.6455974565306859,
        "MAPE_mask_2": 0.43670366413723444,
        "RMSE_mask_3": 1.138062252938284,
        "MAE_mask_3": 0.7805593299165925,
        "MAPE_mask_3": 0.39851028052886045,
        "RMSE_mask_4": 1.841900481588117,
        "MAE_mask_4": 1.2362517901926675,
        "MAPE_mask_4": 0.5283557625907704,
        "epochLoss": 10.138239262273444
      },
      "testing_time": 0.49316930770874023
    }
  },
  "NYC_spatial_hyperedge": {
    "training": {
      "best_epoch": 15,
      "best_model_path": "./Save/NYC_spatial_hyperedge\\_epoch_15_MAE_1.15_MAPE_0.5.pth",
      "metrics": {
        "RMSE": 1.5820263192661053,
        "MAE": 1.1462980398673202,
        "MAPE": 0.5017624870701246,
        "RMSE_0": 1.4802478045645169,
        "MAE_0": 1.0677527566928917,
        "MAPE_0": 0.42753397332950976,
        "RMSE_1": 1.7508840313713883,
        "MAE_1": 1.188787356721228,
        "MAPE_1": 0.5216583069873942,
        "RMSE_2": 1.4661677761181897,
        "MAE_2": 1.1188876970831474,
        "MAPE_2": 0.5005204798157865,
        "RMSE_3": 1.5361384206916768,
        "MAE_3": 1.1879134909659708,
        "MAPE_3": 0.5451131543350682,
        "RMSE_mask_1": 0.824036185768731,
        "MAE_mask_1": 0.7196096934857057,
        "MAPE_mask_1": 0.6318885090587604,
        "RMSE_mask_2": 0.8188923450682171,
        "MAE_mask_2": 0.562642510341417,
        "MAPE_mask_2": 0.3694861149612769,
        "RMSE_mask_3": 1.05121627159898,
        "MAE_mask_3": 0.7347660558760589,
        "MAPE_mask_3": 0.40414046939185816,
        "RMSE_mask_4": 2.0607415107809177,
        "MAE_mask_4": 1.6510214377801788,
        "MAPE_mask_4": 0.5613995576330071,
        "epochLoss": 2.4834477947475624
      },
      "training_time": 408.34143710136414
    },
    "testing": {
      "metrics": {
        "RMSE": 1.5820263192661053,
        "MAE": 1.1462980398673202,
        "MAPE": 0.5017624870701246,
        "RMSE_0": 1.4802478045645169,
        "MAE_0": 1.0677527566928917,
        "MAPE_0": 0.42753397332950976,
        "RMSE_1": 1.7508840313713883,
        "MAE_1": 1.188787356721228,
        "MAPE_1": 0.5216583069873942,
        "RMSE_2": 1.4661677761181897,
        "MAE_2": 1.1188876970831474,
        "MAPE_2": 0.5005204798157865,
        "RMSE_3": 1.5361384206916768,
        "MAE_3": 1.1879134909659708,
        "MAPE_3": 0.5451131543350682,
        "RMSE_mask_1": 0.824036185768731,
        "MAE_mask_1": 0.7196096934857057,
        "MAPE_mask_1": 0.6318885090587604,
        "RMSE_mask_2": 0.8188923450682171,
        "MAE_mask_2": 0.562642510341417,
        "MAPE_mask_2": 0.3694861149612769,
        "RMSE_mask_3": 1.05121627159898,
        "MAE_mask_3": 0.7347660558760589,
        "MAPE_mask_3": 0.40414046939185816,
        "RMSE_mask_4": 2.0607415107809177,
        "MAE_mask_4": 1.6510214377801788,
        "MAPE_mask_4": 0.5613995576330071,
        "epochLoss": 14.900686768485373
      },
      "testing_time": 0.5012218952178955
    }
  },
  "NYC_temporal_pattern": {
    "training": {
      "best_epoch": 14,
      "best_model_path": "./Save/NYC_temporal_pattern\\_epoch_14_MAE_1.03_MAPE_0.52.pth",
      "metrics": {
        "RMSE": 1.5503917565835807,
        "MAE": 1.0341593891577636,
        "MAPE": 0.5232669841561248,
        "RMSE_0": 1.022560126288602,
        "MAE_0": 0.7384579928761179,
        "MAPE_0": 0.4844104089191335,
        "RMSE_1": 2.030624650805341,
        "MAE_1": 1.3780687888647256,
        "MAPE_1": 0.5847165876168362,
        "RMSE_2": 1.0932659672420493,
        "MAE_2": 0.7873431325664503,
        "MAPE_2": 0.4619247933391007,
        "RMSE_3": 1.131531691806163,
        "MAE_3": 0.8371804927653665,
        "MAPE_3": 0.4927620835260851,
        "RMSE_mask_1": 0.8721255043725423,
        "MAE_mask_1": 0.7742906777633033,
        "MAPE_mask_1": 0.6768470055875657,
        "RMSE_mask_2": 0.8728534259863169,
        "MAE_mask_2": 0.624163093447079,
        "MAPE_mask_2": 0.41845724407052887,
        "RMSE_mask_3": 1.125602558562744,
        "MAE_mask_3": 0.7761326814505541,
        "MAPE_mask_3": 0.4010340700331729,
        "RMSE_mask_4": 2.205953829835065,
        "MAE_mask_4": 1.571844624279383,
        "MAPE_mask_4": 0.6104597717486544,
        "epochLoss": 2.375138906889194
      },
      "training_time": 398.16017270088196
    },
    "testing": {
      "metrics": {
        "RMSE": 1.5503917565835807,
        "MAE": 1.0341593891577636,
        "MAPE": 0.5232669841561248,
        "RMSE_0": 1.022560126288602,
        "MAE_0": 0.7384579928761179,
        "MAPE_0": 0.4844104089191335,
        "RMSE_1": 2.030624650805341,
        "MAE_1": 1.3780687888647256,
        "MAPE_1": 0.5847165876168362,
        "RMSE_2": 1.0932659672420493,
        "MAE_2": 0.7873431325664503,
        "MAPE_2": 0.4619247933391007,
        "RMSE_3": 1.131531691806163,
        "MAE_3": 0.8371804927653665,
        "MAPE_3": 0.4927620835260851,
        "RMSE_mask_1": 0.8721255043725423,
        "MAE_mask_1": 0.7742906777633033,
        "MAPE_mask_1": 0.6768470055875657,
        "RMSE_mask_2": 0.8728534259863169,
        "MAE_mask_2": 0.624163093447079,
        "MAPE_mask_2": 0.41845724407052887,
        "RMSE_mask_3": 1.125602558562744,
        "MAE_mask_3": 0.7761326814505541,
        "MAPE_mask_3": 0.4010340700331729,
        "RMSE_mask_4": 2.205953829835065,
        "MAE_mask_4": 1.571844624279383,
        "MAPE_mask_4": 0.6104597717486544,
        "epochLoss": 14.250833441335166
      },
      "testing_time": 0.4849834442138672
    }
  },
  "NYC_cross_category": {
    "training": {
      "best_epoch": 16,
      "best_model_path": "./Save/NYC_cross_category\\_epoch_16_MAE_0.96_MAPE_0.5.pth",
      "metrics": {
        "RMSE": 1.3754299966051875,
        "MAE": 0.9605325184511169,
        "MAPE": 0.5040470731707675,
        "RMSE_0": 0.9865785754501336,
        "MAE_0": 0.6977188201734063,